Company Name,Domain Name
1010data,https://www.1010data.com
10th Magnitude,https://www.10thmagnitude.com
10x People,YouTube
123Greetings.com,https://www.123greetings.com
123Net,https://www.123.net
1904labs.com,https://1904labs.com
1ticket.com,https://craft.co
"1worldsync, Inc.",https://1worldsync.com
21st Century Biochemicals,https://www.linkedin.com
2830424,https://www.staples.ca
"2nd Watch, Inc.",https://www.2ndwatch.com
3 Degrees Inc,https://3degreesinc.com
310 Capital,https://techcrunch.com
"3C Logic, Inc.",https://www.3clogic.com
3PL Central,https://www.3plcentral.com
3delcid llc,https://iinfosec.com
4M Research Inc,https://www.linkedin.com
"4over, Inc.",https://www.linkedin.com
5thColumn LLC,https://5thcolumn.net
800response Marketing,https://800response.com
A&E Networks,https://usa.kaspersky.com
A.J. Antunes,https://uk.linkedin.com
"A2D, Inc.",http://www.a2dinc.com
AAPC,https://www.aapc.com
ABC Fitness,https://abcfitness.com
ABC Legal Services,https://www.abclegal.com
ABG Capital/ Voip Innovations,https://craft.co
ABMP,https://www.ecpi.edu
ABS Technology Architects,https://www.linkedin.com
ACUX,https://acruxcs.com
ADARA Networks,https://www.adaranetworks.com
ADEC Innovations,https://www.healthcare.adec-innovations.com
ADG Creative,https://www.adgcreative.net
ADP,https://www.adp.com
AE BackOffice,http://www.aebackoffice.com
"AEC Group, Inc.",https://aecgroup.com
AGM Infra Solutions,https://www.linkedin.com
AGM Tech Solutions,https://www.linkedin.com
AIB,https://aib.ie
"AIB, Inc.",https://www.linkedin.com
AIS Data Centers,https://www.nfinit.com
AJO Partners,http://www.ajopartners.com
AM Technical Solutions,https://craft.co
"AMI Entertainment Network, Inc.",https://www.amientertainment.net
ANTONY A SEQUEIRA,https://www.linkedin.com
AOC Solutions,https://lensa.com
APEX Analytix Holding Corp.,https://www.apexanalytix.com
API Gateway - Test,https://docs.aws.amazon.com
ARAG,https://www.araglegal.com
ARI,https://en.wikipedia.org
ARRIETTY SOLUTIONS INC,https://jobsearcher.com
AS Technology Corporation,http://www.astechnologycorp.com
"ASAR America, Inc.",https://www.linkedin.com
ASET Partners,http://asetpartners.com
"ASK Telemarketing, Inc.",https://www.asktelemarketing.com
ATCi,https://link.springer.com
ATTOM Data Solutions,https://www.attomdata.com
AWS,https://aws.amazon.com
AWS MMS Internal test,https://aws.amazon.com
AWSMP - Ajay Test Account,https://www.linkedin.com
AWeber Communications,https://www.aweber.com
AZ Consulting,https://clutch.co
A^3 by Airbus Gruop,https://www.airbus.com
Aakanksha Tech,https://in.linkedin.com
Abacus Insights,https://abacusinsights.com
Abrigo,https://www.abrigo.com
Absolutdata technologies inc,https://in.linkedin.com
Acani Inc.,http://apps.sos.wv.gov
Accelerize 360,https://www.accelerize360.com
Accent Technologies,https://accent-technologies.com
"Accolade, Inc.",https://accoladetechnology.com
"Accor North America, Inc.",https://www.securitynewspaper.com
"Accreon, Inc.",https://www.accreon.com
Accuity,https://acuityrm.com
Acer US,https://www.bleepingcomputer.com
Aces Medical,https://acesmedical.com
"Ackmann & Dickenson, Inc.",https://washingtontechnology.com
Acnovate Corporation,https://www.acnovate.com
"Acquia, Inc.",https://docs.acquia.com
Actian Corporation,https://supportservices.actian.com
"ActiveCampaign, LLC.",https://www.activecampaign.com
Aculocity (GVW Group),https://www.linkedin.com
Acumera,https://www.acumera.net
AdCellerant,https://www.adcellerant.com
"Adapt2 Solutions, Inc",https://www.adapt2solutions.com
"Addepar, Inc.",https://info.addepar.com
Addison Global,https://www.linkedin.com
"Adelman Travel Systems, Inc.",https://www.adelmantravel.com
Adept Scripts Inc,http://adeptscripts.com
"Adeptia, Inc",https://adeptia.com
Adesto Technologies Corporation (acquired by Dialog Semiconductor),https://www.design-reuse.com
"Aditazz, Inc.",https://www.aditazz.com
Admedia,https://blog.admedia.com
Adstream North America,https://www.adstream.com
Advalent Corp,https://www.advalent.com
Advanced Cell Diagnostics,https://acdbio.com
Advanced Solutions,https://www.advancedcybersecurity.com
Advantmed,https://www.advantmed.com
Advantone Florida Inc.,https://www.linkedin.com
"Advent Resources, Inc",https://www.adventresources.com
"Advertise.com, Inc.",https://www.advertise.com
Advertising Specialty Institute,https://www.asicentral.com
Advisor360,https://www.advisor360.com
Aeris Communications,https://www.aeris.com
AeroFarms,ULIAmericas-UrbanLandInstitute
Affinipay,https://www.affinipayassociations.com
"Affinity Solutions, Inc.",https://www.affinity.solutions
"Afilias Usa, Inc.",https://afilias.info
Afiniti,https://affinity-it-security.com
Afrilogic,https://m.facebook.com
Aftermarket Auto Parts Alliance,http://alliance1.com
"AgData, L.P.",https://www.linkedin.com
"Agentis, Inc.",https://www.linkedin.com
Aggreko US,https://www.aggreko.com
AgileTrailblazers,https://www.youtube.com
Agilisium,https://www.agilisium.com
Agilisium Technologies LLC.,https://www.agilisium.com
"Agios Pharmaceuticals, Inc.",https://docoh.com
Agnostic The community of Reason,https://communityit.com
"Ahead, LLC - Think Ahead",https://www.ahead.com
AiRo Digital Labs,https://www.linkedin.com
Airbiquity Inc.,https://www.airbiquity.com
Airline Tariff Publishing Company,https://www.linkedin.com
Airlines Reporting Corporation,https://www.arccorp.com
Airnow Monetization (Airpush Inc),https://airnowmedia.com
"Airsage, Inc.",https://www.masstransitmag.com
Airwatch LLC,https://www.vmware.com
Ajmadison Corp.,https://www.winmo.com
"Akinnovate, LLC",https://www.akinnovate.com
Aktana,https://www.aktana.com
Akuna Capital LLC,https://chatfortress.com
Al Shallal TV,https://www.pottsmerc.com
Alacriti,https://www.alacriti.com
Alameda Research,https://www.forbes.com
"Alegeus Technologies, LLC",https://lensa.com
Alexander's Contract Services,https://alexander-co.com
Alight Analytics,https://chatfortress.com
Alkami Technology,https://www.akamai.com
Alkira,https://www.alkira.com
AllSight,https://allsiteit.com
Allen & Allen LLP,https://www.boozallen.com
AlliantGroup,https://www.alliantcybersecurity.com
Allsec Technologies Ltd.,https://www.allsectech.com
Allstate Appraisal,https://chatfortress.com
Allwyn Corp,https://allwyncorp.com
"Alnylam Pharmaceuticals, Inc.",https://www.upguard.com
"Alpha 2, Inc.",https://www.dnb.com
Alpha Clinical Systems,https://alphaclinicalsystems.com
Alpha Ori,https://www.alphaori.sg
AlphaBroder,https://www.asicentral.com
AlphaScrip,https://alphascriptrx.com
Altenloh Brinck & Co US,https://www.linkedin.com
"Amaeyaa Technologies, Inc.",https://jobsearcher.com
Amazing Charts,https://amazingcharts.com
Amazon,https://www.amazon.jobs
Amazon (Internal) - Selena Chang,https://aws.amazon.com
Amazon Appstore,https://developer.amazon.com
Amazon Mechanical Turk Inc.,https://www.mturk.com
Amazon Test,https://aws.amazon.com
Amazon Web Services,https://aws.amazon.com
Amazon Web Services - Scott Kellish,https://www.linkedin.com
Amazon.com,https://www.amazon.com
Amazon.com LLC - Internal Testing,https://aws.amazon.com
AmazonAPIGateway,https://docs.aws.amazon.com
AmazonNA39,error
Ambharii Labs,https://www.linkedin.com
"Amches, Inc.",http://www.amches.com
Amerant Bank,https://www.amerantbank.com
"American Bank, N.A.",https://www.americanbank.com
American Digital,https://www.theguardian.com
American Marking and Publishing,https://www.ampcorporate.com
American Mathematical Society Inc,http://www.ams.org
American Superconductor Corporation,https://www.upguard.com
American Tech Vision Solutions LLC,https://www.dnb.com
Amerihome,https://www.amerihome.com
Amit,YouTube
Amount,https://purplesec.us
Amplity Health,https://www.amplity.com
"Analygence, Inc.",https://analygence.com
Anant Corporation,https://www.linkedin.com
"Anaplan, Inc.",https://www.anaplan.com
Andersen Tax LLC.,https://www.andersen.com
Andreas Schwartz,https://www.linkedin.com
Andritz Inc.- GA,https://www.andritz.com
Andromeda Capital,https://evolutionequity.com
Angela Chapman Test Account,https://www.linkedin.com
Animaker Inc,https://www.animaker.com
Anju Software,https://www.anjusoftware.com
Anokiwave,https://www.anokiwave.com
Anomali (fka THREAT STREAM Inc.),https://www.anomali.com
AntWorks,http://www.ant.works
Anubavam LLC,https://www.anubavam.com
Apcela (CFN Services),https://www.apcela.com
"Apcon, Inc.",https://www.apcon.com
Aperture Credentialing LLC,https://www.linkedin.com
Apex Supply Chain Technologies,https://apexsupplychain.com
Apogee Engineering LLC,https://www.apogeeengineering.net
Appareo Systems,https://appareo.com
Application Technology Group,http://www.atg-us.com
Applied Research Solutions,https://www.appliedres.com
Apprise Software,https://www.apprise.com
"Appriver, LLC",https://appriver.com
AppsIntegration Inc,https://appsintegration.com/
"Appteon Inc.,",https://appteon.com
Apptium,https://apptium.com
Appy Pie,https://www.appypie.com
"Apriva, Inc. (AKA: Appsware Wireless, LLC)",https://www.apriva.com
Aquatic Capital,https://aquatic.com
Aras Corporation,https://www.aras.com
"Arbormetrix, Inc",https://www.arbormetrix.com
Arcadia Data Inc (acquired by Cloudera),https://www.cloudera.com
Archents India IT Private Limited,https://www.issquaredinc.com
ArcherDX,https://www.linkedin.com
Architectural Graphics Inc.,https://www.agi.net
"Ardelyx, Inc.",https://www.linkedin.com
Aristeia Capital,https://www.linkedin.com
"Arkadium, Inc.",https://www.arkadium.com
Arkatechture,https://www.checkpoint.com
Armor,https://www.armor.com
AroundWire,https://www.linkedin.com
Arrow Inc.,https://www.arrow.com
Arrow Solutions LLC,https://www.linkedin.com
Arroweye Solutions,https://www.arroweye.com
"Arrowstream, Inc.",https://www.arrowstream.com
Arshan Hashemi,https://www.linkedin.com
"Articulate Global, Inc.",https://articulate.com
"Ascend Technologies, LLC",https://teamascend.com
Ascentis,https://chatfortress.com
Ascom Network Testing Inc,https://www.ascom.com
"Asklepios BioPharmaceutical, Inc. (AskBio)",https://www.askbio.com
"Aspect Software, Inc.",https://www.aspect.com
Aspen Capital,https://www.aspeninstitute.org
Asset Control,https://www.axonius.com
Assurecare,https://assurecare.com
Assured,https://www.linkedin.com
"Assured Information Security, Inc.",https://www.ainfosec.com
"Astute, Inc.",https://www.astutetm.com
Atara Biotherapeutics,https://www.salary.com
Atento,https://atento.com
Atkins North America,http://explore.atkinsglobal.com
Atlantic Metro Communications,https://www.atlanticmetro.net
Atos North America,https://atos.net
AttackIQ,https://attackiq.com
Attentive Mobile,https://www.attentivemobile.com
Atul Parikh,https://www.linkedin.com
Auction Edge,https://www.glassdoor.com
Audian,https://www.linkedin.com
Audible Magic,https://www.audiblemagic.com
Auffenberg Dealer Grp,https://www.auffenberg.com
Augeo Affinity Marketing,https://www.augeomarketing.com
Auto Deploy,https://docs.vmware.com
AutoAnything,https://chatfortress.com
Automated Financial Systems,https://www.afsvision.com
Autonomy Capital,https://chatfortress.com
Autoreporting,https://upstream.auto
Autoscribe Corporation,https://www.autoscribe.com
"Autosoft, Inc.",https://autosoftdms.com
"Auxis, LLC",https://www.auxis.com
Auxo Labs,https://in.linkedin.com
"AvTech, Inc.",https://avtech.com
Avant Systems Inc,https://www.avantsinc.com
Avaya Inc.,https://www.upguard.com
"AveriSource, LLC",https://www.dnb.com
"Aviatrix Systems, Inc.",https://aviatrix.com
Avtex,https://avtex.com
Axamit Consulting,https://www.axamit.com
Axiad Ids,https://www.axiad.com
"Axiom Markets, Llc",https://axiomcyber.com
Axion Health,https://chatfortress.com
Axis Bank,https://www.bankinfosecurity.com
Axis Communications,https://www.axis.com
Axtria,https://www.axtria.com
Ayla Networks,https://www.aylanetworks.com
Azara Healthcare,https://azarahealthcare.com
"Azuga, Inc.",https://www.azuga.com
B2B Soft,https://b2bsoft.com
B2W Software,https://www.b2wsoftware.com
BAE Systems Applied Intelligence,https://www.baesystems.com
BCC Engineering,http://www.bcc.cuny.edu
BH Cosmetics,https://www.bhcosmetics.com
BI Incorporated,https://www.linkedin.com
BITSIO,https://www.bitsioinc.com
BMS Practice Solutions,https://www.psychology.bmsgroup.com
BPMLINKS LLC,https://bpmlinks.com
BSI Financial Services,https://www.bsifinancial.com
"BTS Usa, Inc.",https://btscybersecurity.com
BUPA,https://www.bupa.com
BW Paper systems,https://www.bwpapersystems.com
Babylon Health,https://www.babylonhealth.com
Backbase,https://www.backbase.com
"Backstop Solutions Group, LLC",https://www.backstopsolutions.com
"Badger Meter fka Aquacue, Inc.",https://investors.badgermeter.com
Banco BTG Pactual Participations,http://ri.btgpactual.com
"Bankruptcy Management Solutions, Inc. d/b/a Stretto",https://www.stretto.com
Bantam Technologies,https://bantam-tech.com
"Barchart, Inc.",https://www.barchart.com
Bardess Group,https://www.bardess.com
Base2 Solutions,https://www.base-2solutions.com
"Basecamp, LLC (formerly 37 Signals)",https://basecamp.com
"Basware, Inc.",https://www.basware.com
Basys LLC,https://www.basys.com
Bectran,https://www.bectran.com
"Bellomy Research, Inc.",https://www.bellomy.com
Belo Corp.,https://www.salary.com
BenefitHub,https://www.benefithub.com
Benefits Connect,https://www.lucidchart.com
Benjamin Moore,https://www.linkedin.com
BetaQuick,https://betaquick.com
BetterDoctor,https://www.healthcaredive.com
Beyondsoft Group,https://cn.beyondsoft.com
Bhaskar Srinivasan,https://www.linkedin.com
Bid Development,https://iq.govwin.com
BigData Dimension Inc,http://www.findglocal.com
"Bill.com, Inc",https://www.bill.com
"Billups, Inc.",https://www.billups.com
BioTelemetry,https://www.fool.com
"Bioclinica, Inc.",https://www.bioclinica.com
Biotronik,https://www.biotronik.com
BitDefender,https://www.bitdefender.com
BitMEX,https://www.bitmex.com
Bitbitrage LLC,https://iinfosec.com
"Bitglass, Inc.",https://www.bitglass.com
Bitmax,https://hacken.io
Bitrock,https://bitrock.it
"Bivio Networks, Inc.  (FKA: Network Robots, Inc.)",https://www.bivio.net
Black Rock Cofee,https://www.blackrock.com
BlackBook,https://blackbookmarketresearch.com
Blinds.com,https://www.blinds.com
Blippar,https://www.blippar.com
Bloom Insurance Agency LLC,https://www.bloominsuranceagency.com
Blue Chips Software Co.,https://www.linkedin.com
Blue Cross Blue Shield of North Dakota,https://www.bcbsnd.com
Blue Health Intelligence (BHI),https://bluehealthintelligence.com
Blue Sky ETO,https://www.blueskyeto.com
"Blue Tent Marketing, LLC",https://www.bluetent.com
"BlueSky Technology Partners, Inc.",https://blueskycommerce.io
"Bluebeam, Inc.",https://www.bluebeam.com
Bluemodus Inc.,https://bluemodus.com
Bluesage USA,https://bluesageusa.com
Blueshift Asset Management,https://www.blueshift.am
Blulogix LLC,https://blulogix.com
Blume Global,https://blume.vc
Bluprint,https://www.secure-blueprint.com
Boathouse Row Sports Ltd.,https://govshop.com
Bob O'dell,https://www.linkedin.com
Bobrick Corp,https://www.bobrick.com
Boothbay Fund Management,https://sec.report
BorderlessMind/ISHIR,https://www.ishir.com
Bosch Tools North America,https://www.boschsecurity.com
Bossa Nova Robotics,https://www.bossanova.com
Boston IT Services Inc,https://bostonitservices.com
"Box, Inc.",https://www.box.com
Boyle Software,https://boylesoftware.com
Branch Metrics,https://branch.io
Branded Online Inc.,https://www.dnb.com
Brandwatch,https://www.brandwatch.com
Bridgepay Network Solution,https://bridgepaynetwork.com
Bridgera LLC,https://bridgera.com
Bridgewater Associates (2),https://www.linkedin.com
Brivo Systems,https://www.brivo.com
Broad Axe Care Coordination,https://www.dnb.com
BroadPeak Partners Inc.,https://www.lynxtechnologypartners.com
"Broadleaf, Inc.",https://www.broadleaf-inc.com
Broadnet Teleservices,https://www.broadnet.com
Brock Solutions,https://www.brocksolutions.com
"Brookstone Company, Inc.",https://chatfortress.com
"Bst Global, Ltd.",https://bstglobal.com
Budget Dumpster,https://www.onixnet.com
Bugcrowd,https://www.bugcrowd.com
"BuildingLink.com, LLC",https://www.buildinglink.com
"Burgess & Niple, Inc.",https://www.ey.com
Bursys,https://www.bursys.com
Buxton Company,https://www.buxtonco.com
C3,https://c3techadvisors.com/
C3edge / Kymdom.com aka ZenLayer,https://www.umgc.edu
CBC Innovis,https://www.innovis.com
CBT Nuggets LLC,https://www.cbtnuggets.com
CDW Corporation,https://www.cdw.com
"CFO Publishing, LLC",https://www.cfo.com
CLS Group,https://www.cls-group.com
CMBG3 Law,https://www.natlawreview.com
CMD Group,https://cmd.com
COURT SQUARE GROUP,https://www.courtsquaregroup.com
CPP,https://www.cpp.edu
CREDO Mobile,https://www.credomobile.com
CSE Insurance Group,https://cseinsurance.com
CSS,https://www.csscorp.com
CU Answers Inc,https://www.cuanswers.com
"CVSCP, LLC",https://iinfosec.com
CVTR,https://haymarkettrk.cvtr.io
CYWARE,https://cyware.com
Cadent Network,https://uk.linkedin.com
"Cadent Technology (FKA BlackArrow, Inc.)",https://cadent.tv
Cafe Zupas,https://www.watchguard.com
Calance,https://www.calanceus.com
Call Box (formerly Century Interactive),https://www.callbox.com
Call Tower,https://www.calltower.com
CamelCamelCamel (C3),https://www.cisa.gov
Campminder,https://campminder.com
Cancer Genetics,https://online.maryville.edu
Canonical Ltd.,https://canonical.com
"Capgemini North America, Inc.",https://www.capgemini.com
"Capira Technologies, LLC",https://www.oclc.org
Capital BlueCross,https://www.capbluecross.com
Capital One,https://www.capitalonecareers.com
Capstone Investment Advisors,https://www.capstoneco.com
"Capsule Technologies, Inc.",https://capsuletech.com
CaptionCall,https://captioncall.com
CaptureRX,https://www.healthcareitnews.com
"Carbon Black, Inc.",https://www.carbonblack.com
CardPool Inc.,https://www.bankinfosecurity.com
Care Logistics LLC,http://www.medicalproductguide.com
CareCentrix,https://www.linkedin.com
Careem,https://www.reuters.com
Cargill,https://www.glassdoor.com
"Caring, Inc.",https://healthitsecurity.com
Carnegie Mellon,https://www.cmu.edu
Carnegie Technologies,https://carnegieendowment.org
Carol as TAM - Internal Testing account,https://www.sec.gov
"CarrierDirect, LLC",https://carrierdirect.com
Carriersignal,https://networkencyclopedia.com
Cartesian (fka TMNG),https://www.cartesian.com
Case Technologies,https://www.cyberdegrees.org
"Caspio, Inc.",https://www.caspio.com
"Cast & Crew Payroll, LLC",https://www.castsoftware.com
Casting Networks Incorporated,https://www.castingnetworks.com
Catalist LLC,https://www.marsh.com
Catapult International Inc,https://www.catapultsoftware.com
Catapult Solutions Group,https://catapultsg.com
Catasys,https://www.salary.com
Cavisson Systems,https://www.cavisson.com
"Caxton Associates, LLC (Caxton Associates LP)",https://fintel.io
Ceannate Corp - Meta,https://www.ceannate.com
Cedrus,https://www.cedrus.digital
Cegedim USA,https://cegedim.cloud
Celerens,https://www.celerens.com
Celerity,https://www.celerity-uk.com/
Celerity-IS,https://www.celerity-uk.com
"Cellnetix Labs, LLC",https://www.dnb.com
Cendyn (US),https://www.cendyn.com
Centage Corporation,https://www.centage.com
Centauri Health Solutions,https://www.centaurihs.com
Centeva,https://www.linkedin.com
Centrak Inc,https://centrak.com
Central Valley Ag CoOP,https://www.cvacoop.com
Centre for Neuro Skills,https://www.neuroskills.com
Centuria Cloud,https://www.centuria.com
Cerebri AI,https://www.linkedin.com
"Certara, L.P.",https://www.certara.com
Certified Laboratories,https://www.commoncriteriaportal.org
"Charles & Colvard, Ltd.",https://www.linkedin.com
"Charlesbank Capital Partners, LLC dba CB Neptune Holdings Inc.",http://www.innercitypress.com
"Check Digit, Llc",https://www.linkedin.com
Cheeatow,https://www.facebook.com
ChenMed,https://www.glassdoor.com
Chestnut Hill Technologies,https://chestnuthilltechnologies.com
Chevin Fleet Solutions LLC,https://www.chevinfleet.com
Chilton Investments,https://www.businesswire.com
Chime Bank,https://www.chime.com
ChimpChange,https://www.chimpchange.me
Chrome River Technologies,https://www.chromeriver.com
Cipher Capital LP,https://cipher.com
Circadence Corporation,https://circadence.com
Circular Edge,https://www.circularedge.com
Cirium,https://ceriumnetworks.com
Cirrus Insight,https://www.cirrusinsight.com
"Cisive, Inc.",https://www.cisive.com
City University of New York,https://www.ccny.cuny.edu
CityGrid Media,https://myaccount.citygrid.com
CityMD,https://www.indeed.com
Clark Realty Capital,https://www.dnb.com
Clarus Commerce,https://www.clarustechpartners.com
Clayton Morley,https://uk.linkedin.com
"Clear Street, LLC.",https://sec.report
ClearDATA1,https://aws.amazon.com
ClearDemand,https://www.hrdive.com
"Clearwater Analytics, Inc.",https://clearwater-analytics.com
"Clearwave, Inc.",https://www.clearwaveinc.com
Click2Cloud Inc,https://www.click2cloud.com
ClickDimensions LLC,https://clickdimensions.com
"Clickatell, Inc.",https://www.clickatell.com
Client Instant Access,https://callcia.com
"Cline Williams Wright Johnson & Oldfather,  L.L.P.",https://www.clinewilliams.com
CloudGeometry (fka BeKitzur),https://cloudgeometry.io
CloudHealth Technologies,https://www.cloudhealthtech.com
CloudMoyo,https://www.cloudmoyo.com
CloudQ,https://cloudq.net
CloudSegue,http://cloudsegue.com
CloudWave (FKA Park Place International),https://www.gocloudwave.com
Cloudbourne,https://threatpost.com
Cloudelligent,https://cloudelligent.com
"Cloudera, Inc.",https://www.cloudera.com
Cloudforce Networks,https://www.gocloudforce.com
Cloudgenix Inc.,https://www.paloaltonetworks.com
Cloudnexa (formerly FreedomOSS),https://www.cloudnexa.com
Cloudreach,https://www.cloudreach.com
Cloudwick Technologies,https://cloudwick.com
"Cloutics,Inc",https://www.quora.com
Clovity,https://www.clovity.com
"Club Automation, LLC",https://www.clubautomation.com
Clutch Analytics,https://clutchsolutions.com
Clutch Studios,https://clutch.co
CoEnterprise,https://www.linkedin.com
Coaches Training Institute,https://coactive.com
Coatue Capital LLC,https://www.startuphub.ai
Cobb Systems Group,https://cobbsystemsgroup.com
Cochlear Americas,https://www.cochlear.com
CodeScience,https://www.codescience.com
Cofense,https://cofense.com
Cognitio Corp.,https://cognitiocorp.com
Cognius LLC,https://iinfosec.com
Cognizant Technology Solutions Corporation,https://www.cognizant.com
Cogo Labs,https://www.linkedin.com
Cohesity,https://www.cohesity.com
"Coinbase, Inc.",https://www.businessinsider.com
Colaberry Inc,https://training.colaberry.com/
Colamco,https://www.colamco.com
Colibri Group,https://www.linkedin.com
Collibra,https://www.collibra.com
Collinson Group LTD,https://www.collinsongroup.com
"Colony Bankcorp, Inc.",https://colony.bank
Colony Hardware,https://www.colonyhardware.com
ColorTokens,https://colortokens.com
Commerce Home Mortgage Inc,https://www.businesswire.com
Comnexia Corporation,https://www.comnexia.com
"Compass, Inc.",https://www.compasscyber.com
Compeat,https://www.compeat.com
Competentum,https://www.crn.com
Competera,https://www.g2.com
Complete Genomics,https://www.osti.gov
Compliance Science,https://www.complysci.com
CompuGroup Medical,https://www.cgm.com
CompuMatrice Inc.,https://www.compumatrice.com
Compucredit,https://www.scmagazine.com
Comstar Technologies,https://www.comstar-usa.com
Concepts Beyond,https://www.conceptsbeyond.com
"ConcertoHealth, Inc.",https://www.prnewswire.com
Concord Group Insurance,https://www.concordgroupinsurance.com
Connect First,https://www.first.org
Connected Solutions,https://www.connection.com
ConnectedX Inc.,https://www.linkedin.com
Connectleader LLC,https://iinfosec.com
Connectria Hosting,https://www.connectria.com
ConsenSys,https://media.consensys.net
Consortium Health Plans,https://www.linkedin.com
Constella Intelligence,https://constellaintelligence.com
"ConsumerTrack, Inc.",https://www.careerone.com.au
"ContractPal, Inc.",http://www.contractpal.com
ControlUp Technologies Ltd,https://www.controlup.com
Convergence,https://www.cisa.gov
"Converseon, Inc.",https://converseon.com
Conversio Health,https://conversiohealth.com
Convo Relay,https://www.convorelay.com
"Core Scientific, Inc.",https://www.corescientific.com
Corios,https://curios-it.eu
"Cority Software, Inc.",https://www.cority.com
Cornerstone Capital,https://www.crnrstone.com
Corporate Managing Systems Inc,https://www.bmc.com
Corporate Spending Innovations,https://www.corporatespending.com
"Corptax, Inc.",https://corptax.com
Cortel,error
"Couchbase, Inc.",error
"Coulter Ventures, Llc.",error
Course5 Intelligence,error
Covario,error
"Covius Holdings, Inc.",error
Creative Capsule,error
Creative Drive,error
Creative Information Technology,error
Creative Labs Inc,error
"Credible Behavioral Health, Inc.",error
Crelate,error
Creospan,error
Cresco Labs,error
"Crimson Hexagon, Inc.",error
Crimson Interactive INC,error
Crisis Prevention Institute,error
Criteo Corp.,error
Critical Informatics,error
Criticalriver,error
Crosshair Customs,error
Crossix,error
Crossvale,error
CrowdStrike,error
CrunchMetrics,error
Cuebiq Inc,error
Curex Group,error
Cyan360 Inc,error
Cyber Defense Technologies,error
Cyber Group Inc,error
Cyber Sphere LLC,error
Cybraics Defense Corp.,error
Cycorp Inc,error
Cydcor LLC,error
Cynosure Inc,error
Cyren Inc.,error
D2 Nova,error
DA Linguistics,error
DISA Global Solutions,error
DMD Marketing Corp.,error
DMI Partners,error
DOJ,error
"DUP - Trading Technologies International, Inc. (TT)",error
"DUPE, DO NOT USE: Ripcord",error
"DYL, LLC.",error
Daffodil Software Inc.,error
Dailey,error
"Dane Street, LLC",error
Daniel Shepard's Portfolio,error
Data Center and Application Optimization,error
Data Design Systems,error
Data Solutions International,error
DataFactZ,error
DataNet Systems Corporation,error
Datagaps,error
"Datalex USA, Inc.",error
"Datapipe, Inc.",error
Datatrine LLC,error
Dave's AMI & Container & Package Superstore,error
"Daylight Transport, LLC.",error
DeLage Landen,error
DealNews,error
DealerOn,error
"DealerRater.com, LLC",error
Deb Priya Bhattacharjee,error
Decision Minds,error
Decision Software,error
DeepIntent,error
Deka Research,error
Delaware Claims Processing Facility,error
Delego Software Inc.,error
"Delivra, Campaign Monitor",error
"Delivra, Inc.",error
Dell Technologies,error
Delta Bridge,error
Delta Risk,error
Delviom,error
Demisto,error
"Demosphere International, Inc.",error
Denali Therapeutics,error
Dennys Super Security Company,error
Dental Plans,error
Deque Systems Inc.,error
Derive Systems,error
"Dese Research, Inc.",error
Deublin Company,error
DevCool,error
"Development Group, Inc.",error
Devtech Systems Inc,error
DialogTech Inc.,error
"Diane von Furstenberg Studio, L.P.",error
Digicert,error
Digital Matrix Systems,error
Digital Peripheral Solutions Inc.  dba Q-See,error
"Digital Turbine, Inc.",error
Digital Ware,error
DigitalOcean,error
DigitalOnUs Inc,error
Digitalml USA Inc,error
"Digitech Systems, Inc.",error
DigoBrands,error
Diljit Singh,error
Dimplex Thermal Solutions Inc,error
"DirectDefense, Inc.",error
Discogs (aka Zink Media),error
Discovery Communications,error
"Discovery IT Group, LLC",error
Displaydata,error
Distillery,error
Dm Services (vivastreet),error
Docler Holding,error
Docmation,error
"Docomo Innovations, Inc.",error
DocuPhase,error
"DocuSign, Inc.",error
"Domo, Inc.",error
DoorDash,error
Doosan Infracore,error
Doran Jones,error
Dorsett Technologies,error
Dovetail Software,error
Dow Jones (Newscorp),error
"Drb Systems, LLC",error
Drive AI,error
"Drivecentric, Inc.",error
Druva Global Alliance,error
Dubin and Co,error
Duck Creek Technologies,error
Duplicate account - TO BE DELETED,error
Dynology Corporation,error
E-INS,error
E-Z UP,error
ED&F Man Capital Markets Inc.,error
"EMarketer, Inc.",error
ENSO Financial,error
ESET North America,error
ET Investments,error
"ETA, Inc.",error
ETNA Software,error
EVAM Streaming Analytics,error
"EVO Payments, Inc.",error
EZ Universe,error
EZLynx,error
Eagle Seven,error
Early Warning,error
Ebay Inc.,error
Eccalon,error
Echelon Cabinets,error
"Ecoatm, Inc.",error
Ecom Trading,error
Economist Group,error
Eddie Javaid,error
Edgewater Markets LLC,error
Edgeworth Economics,error
"Edifecs, Inc.",error
Edison Research,error
Elastacloud,error
"Elemica, Inc.",error
Elite Dental Partners,error
Ellington Capital Management,error
"Ellison Educational Equipment, Inc",error
Elwyn New Jersey,error
Emergys Corp.,error
"Emerson Ecologics, LLC",error
Eminence Capital,error
"Emma, Inc.",error
Emumba,error
Enable Data Incorporated,error
Enclara Pharmacia,error
Encore Software Services,error
"Endpoint Clinical, Inc.",error
Energy Recovery Inc.,error
Energy Service Group,error
Energybox,error
Engineers Gate LP,error
Enservio,error
Enstar Group,error
"Entech Consulting, LLC",error
Enterprise Engineering,error
Enviance,error
Ephibian Inc,error
Epic59,error
Epik Solutions,error
Episerver US,error
Episource LLC,error
"Epizyme, Inc.",error
Equalum,error
Equilend Holdings LLC,error
Ericsson Inc,error
"Escreen, Inc.",error
Esperanto Technologies Inc.,error
"EtQ, Inc.",error
Ethan Dreyfuss,error
Eve Edelson,error
EventDynamic,error
EverCommerce,error
EverString,error
Evergent Technologies,error
EverythingD,error
Evidation Health,error
Evive,error
"Evo, Inc.",error
Ex Nihilo Inc.,error
Exa Corporation,error
Exact JobBOSS,error
"Exadel, Inc.",error
Exafluence,error
Exceleron Software,error
"Exchange Solutions, Inc.",error
"ExchangeBase, LLC.",error
Exegy Incorporated,error
"ExodusPoint Capital Management, LP",error
Exos Financial,error
Expedient Communications & Data Centers,error
Experity/Practice Velocity - DO NOT CALL,error
Expert System FKA iCubed Analytics LLC,error
Explore Information Services,error
Extell,error
Eyeview Digital,error
"F1 Technologies, LLC (dba drivesy)",error
F1 oncology DBA Exuma Biotechnology,error
F5 Networks,error
FCA,error
FD,error
FDS (RX Innovation),error
FHLBanks,error
FIMC,error
FLSmidth Inc,error
FM: Systems,error
"FULLBEAUTY Brands, Inc.",error
FXDD,error
Factspan Inc,error
FairCom Corporation,error
Fairfield County Bank,error
Fairfield Residential Llc,error
FairlawnGig,error
Faisal Hameed,error
Family Tree DNA (Gene by Gene),error
Farelogix Inc.,error
Farouk,error
"Fast Retailing USA, Inc.",error
Fasten Inc,error
"FatPipe Networks, Inc.",error
Fidelity Life / LifeStory Interactive,error
"Filevine, Inc.",error
"FilmTrack, Inc.",error
Findability Sciences,error
Fintellix Solutions,error
"FireEye, Inc.",error
"Firemon, LLC",error
First Derivatives PLC / Market Resource Partners,error
First Factory,error
First Line Software,error
First Orion Corp.,error
Fitch Solutions,error
"Five Prime Therapeutics, Inc.",error
Five Rings Capital,error
Five9,error
Fix Flyer LLC,error
FlightAware,error
Floranext,error
Flowbird Group,error
Flywheel Digital,error
"Foliofn, Inc.",error
Forest Interactive,error
Formativ Health,error
Forsys Inc,error
Fortex,error
Fortune,error
Fox Rothschild LLP,error
Fr8star,error
Frame,error
FranConnect Inc,error
"Frank, Rimerman + Co. LLP",error
Freedom Health,error
FreedomPay,error
Freshworks Canada,error
Frontline Insurance,error
Full Potential Solutions,error
FullTypesGroupAdministratorAllow,error
Fundation Group LLC,error
Funding Circle,error
"Fusion Alliance Holdings, Inc.",error
"FutureSoft, Inc.",error
Futurex,error
Futurism Technologies Consulting,error
Fuze,error
Fynbosys,error
"G Treasury Ss, LLC",error
GARP,error
GD Mission Systems,error
GE Transportation,error
"GIX Logistics, Inc.",error
GRM Information Management Services,error
GSIHealth,error
GSLab Inc,error
GTN,error
"Gaia, Inc.",error
Galvanize,error
Gamma Entertainment,error
Garagiste Wine,error
"Gardner Business Media, Inc.",error
"Gds Link, LLC",error
Gearlaunch,error
"Geelers, Inc",error
Gemini Data (FKA Sbox),error
GenAlpha Technologies,error
GenMark Dx‚Ñ¢,error
"GenapSys, Inc",error
"Genentech, Inc.",error
General Dynamics IT,error
General Motors LLC,error
General RE Corporation,error
General UI,error
Genesys Telecommunications Laboratories,error
Genius Central,error
Genome International Corporation,error
"Genome Profiling, LLC",error
Gensuite LLC,error
Geoforce,error
Geovera Holdings,error
GetInsured,error
GetSwift,error
GetUpside,error
"Ghost Management Group, Llc.",error
Giantsource,error
Gibsons Restaurant Group,error
"Gigamonster, LLC",error
Gigsky Inc,error
Gilder Gagnon Howe & Co LLC,error
"Ginkgo Bioworks, Inc.",error
"Glance Networks, Inc.",error
Glassbeam Inc,error
GliaCell Technologies LLC,error
Global Alliant Inc,error
Global Atlantic Financial Group,error
Global Brands Group,error
Global Communications Services,error
Global Edit (Industrial Color),error
Global Electronic Technology,error
Global IDs,error
Global Knowledge Training LLC,error
Global Liquidity Partners,error
Global Rescue LLC,error
Global Shop Solutions,error
GlobalLogic (HQ),error
"GlobalMedia Group, LLC",error
Glytec Systems,error
GoHealth,error
Goku Partner,error
Gold Data,error
Golden Rat Studios,error
GoldenCorr Sheets,error
Goodville Mutual Casualty Co,error
Gorilla Logic,error
"Gps Insight, L.L.C.",error
Graham Capital Management,error
"Grasshopper Group, LLC",error
GreenPoint AG,error
Greenphire,error
Gregory Fina,error
Greylock,error
Grindr LLC,error
Gritstone Oncology,error
"Guardian Analytics, Inc.",error
Guardx,error
H2Oai Inc,error
H3 Biomedicine Inc.,error
HCP Management Operations,error
HCSS (Heavy Construction Systems Specialists),error
HELLA Ventures,error
HGS,error
HHS Technology Group LLC.,error
HLK,error
HORNE LLP,error
HR Performance Solutions,error
"HRl Laboratories, LLC",error
Hackerone,error
Hagerty Insurance,error
"Hamlet Holding, LLC",error
"Hanlon Investment Management, Inc.",error
HappyFunCorp,error
"Happybits.co (Joya Communications, Inc)",error
"Harbor Capital Advisors, Inc.",error
Harris Geospatial Solutions,error
Hasuar LLC,error
Havas Edge,error
Hawaii Teleport,error
Hc1.com Inc.,error
Headlands Technologies,error
Health Decisions,error
Health Mine,error
HealthTrackRx,error
HealthTrio,error
Healthaxis,error
Heather Sullenger,error
Heptio,error
Hiawatha Broadband Communications,error
"High Cotton USA Inc., (dba HC3)",error
Hillsoft Business Solutions,error
Hiquest Group,error
Hobbins,error
Holocene Advisors LP,error
HomeCarePlus,error
"HomeSpotter, LLC.",error
Homecare Software Solutions LLC (aka HHAeXchange),error
Homelinke,error
Hometalk LLC,error
Hortonworks,error
HouseSetter,error
Howard Bank,error
Huahaius,error
Huawei,error
"HubSpot, Inc.",error
Huddle,error
Hudson Advisors,error
Hudson River Trading LLC,error
Hudson Test,error
Huh,error
Human Care Systems,error
Humboldt Nation,error
Hunt Companies,error
Hunter Labs,error
Hurricane Labs,error
Husqvarna USA,error
Hutch Hutchens Inc,error
Hydrantid,error
Hyphen Solutions,error
Hyrecar Inc,error
Hyve Solutions,error
I2I Systems,error
I360 llc,error
IBT Industrial Solutions,error
IDEMIA,error
"IDX, LLC (acquired by Elm Street)",error
IGG,error
"IMC, Inc.",error
IMT,error
INAP,error
"ING Financial Services, LLC",error
INSI CLOUD INC,error
"INSYS, Inc.",error
INTELLECTSOFT,error
INVIDI Technologies Corporation,error
IO Connect Services,error
IOMAXIS,error
IPEX Global Inc.,error
ISH,error
ISS Governance (Strategic Insight),error
ITWorx Inc,error
IX.co,error
"Ibaset Federal Services, LLC",error
Idbs Inc.,error
Ideal Image,error
"Ideal Integrations, Inc.",error
Identco International Corporation,error
Ignite Technologies,error
"Ignite Usa, LLC",error
Ignitec Inc,error
IlluminationWorksLLC,error
Image Matters,error
"ImageWare Systems, Inc.",error
"Imagine Believe Realize, LLC",error
Imagine One Technology & Management LLC,error
Impelsys (US),error
Imperva,error
Import.io,error
In Demand L.L.C.,error
Indeni Ltd,error
Indigo Slate,error
Infer (acquired by Ignite Technologies),error
"Inferent Capital, LLC",error
Infinite Computing Systems,error
InfoMC,error
InfoTrellis,error
"Infobelt, Inc.",error
Infoblox Inc.,error
Infocures LLC (CMI Compass),error
"Infogix, Inc.",error
Infometry,error
Inform Diagnostics,error
Informatica,error
Infosec Institute,error
Infragistics,error
"Ingenio, LLC",error
"Ingenious Med, Inc.",error
Ingram Micro Inc.,error
Inhance Digital,error
Inland Group (DBA  Inland Kenworth),error
Innergoal,error
Innoflexion Technologies Inc,error
Innominds,error
Innova Electronics,error
Innovate iT,error
Innovative Dynamic Solutions Global Inc.,error
"Insight Enterprises, Inc.",error
"Insignia Systems, Inc.",error
Inspiren Tech Solutions,error
Instacart Inc.,error
Instem,error
Insurance Auto Auctions,error
Insureon,error
Insurity,error
Integral,error
Integral Development Corp.,error
IntegriChain Inc,error
Intel [Duplicate],error
Intelemedia,error
"Intelent Inc.,",error
Intelity Solutions,error
Intelius Inc.,error
Intellectechs,error
Intellective,error
"Intellia Therapeutics, Inc.",error
Intelligent Fiber Network,error
Intellisist (fka Spoken Communications),error
Intelliwave Broadband,error
International Travel Network,error
Internet Truckstop Group LLC.,error
"Intersog, Inc.",error
Interstate National Corporation,error
"Intex Solutions, Inc.",error
Intraway,error
Inuson International Inc,error
"Invaluable, LLC",error
Invent Analytics,error
"Inverselogic, Inc.",error
Investec (PoC),error
Investortools Inc,error
Invexer Technology Inc,error
Invitae Corporation,error
Io-Tahoe LLC,error
Io-Tahoe LLC.,error
"Ipro Tech, LLC",error
Iracing Co Motorsport Simulation,error
Isaacson Miller Inc,error
Itiviti,error
Itlize Global,error
Itransition,error
Ivy Technology,error
J.C. Taylor,error
J29 Inc.,error
JAGGAER (SciQuest),error
JASCI LLC,error
"JASINT Consulting and Technologies, LLC",error
JB Inc.,error
JCI US,error
JK Chemical,error
JK Tech,error
JMA Solutions,error
JMA Wireless,error
JNIT Technologies,error
JUUL Labs,error
Jack C LIn,error
Jacky Zheng,error
Jacobs,error
Jade Software Corporation,error
Jagadish n Gade,error
Jaguar Land Rover North America,error
Jahnel Group,error
James Li,error
"Jani-King International, Inc.",error
Jason Bloomstein,error
Jeffery Chan,error
Jerome Meadows,error
Jezreel Alcantara,error
Jianming Liu,error
JiffleNow,error
Jim Carroll AWS MP,error
Jimdo,error
Joby Aviation,error
John Becker Solutions,error
John Mesa MD LLC,error
John Parell,error
John Siampos,error
Johnston IT Services,error
Joist,error
Jon D Cruz,error
Jones Paint and Glass,error
Jordan & Jordan,error
Julia Co.,error
Jumio Colombia,error
Jumio Corp,error
Junglee Games,error
Juno (Dupe),error
K Systems Solutions,error
KLH Consulting,error
KLS-Martin L.P.,error
KONE,error
KORE Wireless Group Inc.,error
KR Elixir Pvt.Ltd.,error
KSKJ Life,error
KSquare Solutions Inc.,error
KUKA Assembly and Test Corp,error
KWS Services NA,error
Kaalbi Technologies Pvt. Ltd,error
Kabouter Management LLC,error
Kaiburr LLC,error
Kaizen Technology Partners,error
"Kaleido Biosciences, Inc.",error
Kalibrate,error
KalioTek,error
Kalotas LLC,error
Kapital Trading,error
"Kareo, Inc.",error
Karma Automotive (formerly Fisker),error
"Karmak, Inc",error
Karros Technologies LLC.,error
Katerra Inc.,error
Katie Colbert,error
"Kegler, Brown, Hill, & Ritter, LLP",error
Kellton Tech - US,error
"Kendall-Jackson Wine Estates, Ltd.",error
Kenny Calhoun Photography,error
Kevin Connors,error
Kevin Jordan,error
Keyhole Software,error
KickBack Points,error
KillerChef,error
Kinetix Trading Solutions,error
"King Street Capital Management, L.P.",error
Kingland Systems Corporation,error
Kingsley Ibe,error
Kinnser Software,error
Kintetsu World Express USA,error
Klarna - US,error
Klaviyo,error
"Klika Tech, LLC",error
Kodak Alaris,error
"Kodak Alaris, Inc.",error
Kollective Technology,error
"Komodo Health, Inc.",error
"Kontron America, Inc",error
"KorTerra, Inc.",error
Kpi Ninja LLC,error
Kubota USA Inc.,error
"Kudelski Security, Inc.",error
"Kulicke and Soffa Industries, Inc.",error
Kvantum Inc.,error
LBMC Family of Companies,error
LBT LLC,error
LMK Resources,error
LT Tech,error
La Valle Associates,error
"Lab49, Inc.",error
Labcyte Inc.,error
Lafayette's Teleommunication,error
Lake Hill Capital Management,error
Lakeview,error
Lalit Mathwani,error
Lance Lierheimer,error
Landmark Education Corporation,error
"Language Testing International, Inc.",error
"Lanzatech, Inc.",error
Latcha + Associates,error
Latin American Agribusiness Development Corp S.a,error
Lavu Inc,error
Law Bulletin Publishing Co Inc,error
Layer 7 Consulting,error
Layer 7 Data Solutions,error
Layer42 Networks,error
Leadventure,error
"LeaseHawk, LLC",error
Legal & General Investment Management America,error
Lemonade - Home & Renters Insurance,error
Lennon BPO,error
LeoPharma,error
Level 11,error
Level Up,error
Levelocity,error
"Levin, Papantonio, Thomas, Mitchell, Echsner",error
"Levvel, LLC",error
Liberty Advisor Group LLC,error
"Library Ideas, LLC",error
Life Line Screening,error
Life360,error
LigerSoft,error
Lightower Fiber Networks,error
Lightspeed Networks Inc. dba LSN,error
Lilee Systems,error
Limited Brands Inc.,error
Linker Networks,error
Linq3,error
Liontree,error
Liquidnet Holdings Inc.,error
Litera Microsystems,error
LiveBarn,error
LiveView Technologies,error
"Livevox, Inc.",error
LoanMe,error
"Loftware, Inc.",error
LogMeIn,error
Logical Position,error
Logicbulls,error
Lombard International,error
Loxo,error
"Loyalty Juggernaut, Inc.",error
Loyalty Methods Inc,error
Lucid,error
Lucidiom Inc.,error
Lufthansa Systems,error
Luma Financial Technologies (dba Navian Capital),error
Lumen Solutions Inc.,error
Lumint Corporation,error
Luxottica NA,error
LycanSilverStudios,error
"M & A Ventures, LLC (d/b/a REPAY)",error
MACPHERSON MOCK LLC,error
MANIVANNAN DEVARAJAN,error
"MC10, Inc.",error
MCIC Vermont,error
MDLand,error
MDRK,error
MEDecision,error
MEMX,error
"METROSOFT, INC.",error
MIB Group Inc.,error
MICROSS,error
MLMIC,error
MLWIZ Inc,error
"MOCA Financial, Inc.",error
MOD Mission Critical,error
"MRC Data, LLC (Valence Media fka Prometheus fka Billboard)",error
MacKay Shields,error
Macquarie Group United States,error
Macquarie Telecom,error
"Mad Dog Technology, LLC",error
"Mad Mobile, Inc.",error
Madasamy T,error
Magicjack,error
Magmutual,error
Mahesh Gandhe,error
Malwarebytes,error
Mammoth HR,error
Mann + Hummel NC fka Wix,error
Mann Consulting,error
Manrat Chobchuen,error
Map Your Show,error
Mapp (formerly BlueHornet),error
MariaDB,error
Marin Software Incorporated,error
Mark III Construction,error
Market Data Services Limited,error
Markley Group,error
Martin Suehowicz,error
Martz Parsons,error
Marvella Villasenor,error
Masa Capital,error
Mascoma Bank,error
Mathworks Inc,error
Matomy,error
Matt Martin Real Estate Mgmt.,error
Mattersight Corporation,error
Maurice M Manning,error
MaxoTech Solutions LLC,error
MayStreet,error
McKay Brothers,error
McKinley Irvin,error
Mead Johnson Nutrition Company,error
MedBridge,error
MedMen,error
MedTech,error
Medallion Midstream,error
Medeco/Assa Abloy,error
MediPortal,error
"MediRevv, Inc.",error
"MediSked, LLC",error
Media iQ,error
MediaAgility,error
"Mediamelon, Inc.",error
"Medidata Solutions, Inc.",error
"Medinformatix, Inc",error
Mediterranean Shipping Company,error
Medlytix LLC,error
"Meetme, Inc.",error
Megaphone,error
Megaport (USA),error
Meltwater Group,error
Member Driven Technologies (MDT),error
Member Solutions,error
Merchant Partners,error
Merchante-Solutions,error
Mercury Financial LLC (FKA CreditShop),error
Mercury Marine,error
Merrifields,error
MetaBank,error
Metagraph Technology Corp.,error
"MetricStream, Inc.",error
Metrica LLC,error
Metro Group Inc.,error
"Metropolitan Industries, Inc.",error
Michael A. Wright,error
"Microserve, Inc.",error
"Midland Credit Management, Inc. - FP Data",error
Mile59,error
Milestone Systems,error
"Millennium Partners I, Inc.",error
Miller Media,error
Mimecast Services Ltd,error
Mind Board,error
"MindEdge, Inc.",error
MindGeek,error
MindTickle Inc,error
Mindcore,error
Mindex,error
Mindstix Software Labs,error
"Miraca Life Sciences, Inc.",error
Miracle Systems,error
"Mission Communications, LLC",error
"Mitek Systems, Inc.",error
"Mixpo, Inc.",error
Mobica LTD,error
Mobile Health,error
Mobileprogramming LLC,error
Mobilestorm,error
Mobileum Inc.,error
Mobiquity Networks,error
Moblize,error
Modesens (fka Eventmap),error
Mohammad Omar Saeed,error
Mohawk Group,error
"Mojix, Inc.",error
Mokriya,error
Molecular Vision Laboratory Inc.,error
Molly Bakery,error
"Mondee, Inc.",error
MoneyLion,error
"Mongodb, Inc.",error
Morris Bart L.L.C.,error
Motio Software,error
Motivaction,error
Motivity Labs,error
MoxiWorks,error
Mroads,error
Multi Media LLC,error
"Multi-Tech Systems, Inc.",error
My Eye Media [Eurofins Digital Media Services] - acquired 2.5 yrs ago,error
My Fuel Master,error
My Own,error
MyCase,error
MyCreativeShop,error
Mycomputerproblem,error
NDT Global,error
NIBR,error
NO INFO AVAILABLE,error
NODAL EXCHANGE,error
NRI IT Solutions America,error
NSS Labs,error
NTENT,error
NTERSOL,error
NTT Communications Global IP Network,error
NYK Business Systems Americas Inc.,error
Naisus Consulting,error
"Napersoft, Inc.",error
"Napier Park Global Capital, LLC",error
Nascate,error
Nascent Global,error
National Agents Alliance,error
National Payment Corporation,error
Naveego,error
NavisCRM,error
Nayax,error
"Neal, Gerber & Eisenberg",error
NearShore Technology,error
Nebraska Machinery Company,error
Nebula Research And Development,error
Nectar Services Corp.,error
Neev Systems LLC,error
Nelnet,error
Nemetschek Vectorworks,error
NeoXam,error
Neovest Inc,error
NerdWallet Inc,error
NetNumber Inc,error
NetProtect inc,error
"NetRoadshow, Inc.",error
NetSpi,error
"Network Telephone Services, Inc.",error
NeuIntel aka PriceSpider,error
Neutrona International Llc,error
New Directions Behavioral Health LLC,error
"New Innovations, Inc.",error
"New Relic, Inc.",error
New York City Health Product Marketing Network,error
NewStore Inc.,error
"NewVoiceMedia Inc,",error
NexGen Networks Corp.,error
"Nexidia, Inc.",error
Nexmo Inc,error
Next Jump,error
NextCapital (FKA Business Logic Corporation),error
"Nextdoor.com, Inc.",error
"Nextech Systems, Inc.",error
Nexthink,error
Nexus BI,error
Nexvortex Inc.,error
Nicosia Creative Expresso,error
Nifty Inc,error
Nihon Kohden America,error
Nintex,error
NinthDecimal SF,error
Nitesh kumar reddy,error
Nitka Technologies,error
"Nitro Software, Inc.",error
No-IP.com,error
Node ^,error
"Nomura Research Institute IT Solutions of America, Inc.",error
Noosh,error
Nordea Bank Norge ASA,error
Noregon Systems,error
Northfield Medical (parent Agiliti),error
Northrop,error
Nortridge Software,error
"Novel Applications of Vital Information, Inc (NAOVI)",error
Nreach Online Services INC,error
NuWave Communication,error
NucleusTeq,error
Number8,error
Numentica,error
"Nutanix, Inc.",error
"Nuts.com, Inc.",error
Nuvizz,error
"Nytec, Inc.",error
"OMRON Management Center of America, INC.",error
OPPO Digital,error
OSG Billing Services,error
OTC Markets Group,error
OWIT Global (prev Unirisx),error
"Oak Hill Advisors, L.P.",error
Oak Street Health,error
Oak Valley Bancorp,error
Object Partners,error
Object Systems International,error
"ObjectRocket, Inc",error
ObserveIT,error
Octane5 International,error
"Octapharma, Inc",error
Oculus Rift (Facebook),error
Olo (online ordering),error
Omaygah LLC,error
Omeda - Data Driven Marketing,error
"Omni Design Technologies, Inc.",error
OmniSYS,error
"On-Line Residential, Inc",error
"On24, Inc.",error
OnChain,error
One Call Concepts,error
One Technologies,error
"OneLogin, Inc.",error
OneReach.ai,error
"OneStream Software, LLC.",error
"Onezero Financial Systems, LLC",error
Onica (parent RackSpace),error
Onica fka CorpInfo (parent RackSpace),error
Online Vacation Center,error
Onnit Labs LLC,error
"Onstak, Inc.",error
"Onyx Point, Inc.",error
"Oodle, Inc.",error
Opallios Inc.,error
"OpenEyes Technologies, Inc.",error
OpenLegacy,error
OpenMarket,error
"Operative Media, Inc.",error
Opex Analytics,error
Oportun (Progreso Financiero),error
Opsgility LLC,error
Opt-Intelligence,error
Optanix,error
Opterna,error
Optimum Nutrition,error
Optimuss Inc,error
OptionMetrics,error
OptionsCity Software (Now Vela),error
Opus,error
Opus Inspection,error
"OraMetrix, Inc.",error
Oratrax.com,error
Orbis Holdings Limited,error
"Orbis Systems, Inc.",error
Orchestra Technology,error
Oregon Mutual Insurance Company,error
Orix Capital Markets,error
"Ortec, Inc.",error
Orthopaedic Institute of Southern Illinois,error
"Oseberg, L.L.C.",error
Oteemo Inc,error
"Otter Group, LLC",error
Outlook Amusements,error
Outset Medical,error
"Overdrive, Inc.",error
Oxagile LLC,error
P1 Technologies,error
P97 Networks,error
PADI: Professional Association of Diving Instructors,error
PASSUR Aerospace Inc,error
PATLive,error
"PCM, Inc. (formerly PC Mall, Inc.)",error
PDC Data Systems,error
PDFFiller,error
PMI Foods,error
PPS Plus Software (now WellSky),error
PSD Technologies LLC (aka Ansatz Capital),error
PSL Group,error
PTC Inc.,error
PVK Corporation,error
"Packet Design, Inc.",error
Palo Alto Networks Inc.,error
"Palo Alto Software, Inc.",error
Pandera Systems,error
"Par Excellence Systems, Inc.",error
Par Government Systems Corp,error
Paradigm Tax Group,error
Paradigm6 IT Corp,error
Paragon Software Group,error
Parallax Volatility Advisers,error
Pareteum Corporation,error
"Pariveda Solutions, Inc.",error
Partek Genomics,error
Parthenon Software,error
"Partner Comm, Inc.",error
Patriarca Computer Services,error
Paul Chui,error
"PaySpan, Inc.",error
Paybox Corp,error
Payfactors,error
"Payoneer, Inc.",error
"Peaxy, Inc.",error
"PeerStream, Inc",error
Pegatron Technology Service Inc.,error
Pelco,error
Pensco Trust Company LLC,error
Penske Logistics,error
People.ai,error
PeopleConnect,error
PepsiCo,error
"PeraHealth, Inc.",error
"PerfectServe, Inc.",error
Performix,error
Perfume-Center,error
Perr&Knight,error
Persistent Telecom Solutions Inc,error
Personalis,error
Personetics,error
"Petrolink Services, Inc.",error
Pfizer,error
Phace Management,error
Pharos Innovations,error
Phillip Simpson,error
Philo SF,error
Philz Coffee,error
PhishLabs,error
Phone Power,error
Phynd Technologies,error
PiNimbus,error
Pico Trading,error
"Pics, Inc.",error
PicsArt,error
Pilot House Associates,error
"Pinger, Inc.",error
Pipedrive,error
Pivot Technology Solutions,error
PlacePass,error
"PlanSource Benefits Administration, Inc.",error
Planful,error
Plasma Computing Group,error
"Platform28, LLC",error
"Plattform Advertising, Inc",error
Pluto7,error
"Pmg.net, Inc.",error
Pocket iNet Communications,error
Point Focal,error
"Pollen, Inc., dba C2FO",error
"Porcaro Stolarek Mete Partners, LLC",error
Porter Chester,error
"Portware, LLC",error
"Power Costs, Inc.",error
Pragma Edge Inc.,error
Pragma Solutions LLC,error
"Prasada Systems, LLC",error
Pratt & Whitney US,error
Pratt Miller,error
"Precise, Inc.",error
Precision Estimating,error
Premiere Digital Services,error
"Prgx Usa, Inc.",error
Prime Focus Technologies,error
Prime Source Technologies LLC,error
Primero Systems,error
PrivacyStar,error
Private,error
Privia Health,error
Prizelogic Inc,error
Pro Audio Video,error
ProLink Solutions,error
"Procore Technologies, Inc.",error
Prodea Systems,error
Production Resource Group (PRG) LLC,error
Productive Data Corporation,error
Professional Diversity Network,error
"Progenity, Inc.",error
"Promantus, Inc.",error
"Prometheus Group, Inc.",error
"Proofpoint, Inc.",error
Protegrity,error
Protera Technology,error
"Proxibid, Inc",error
ProxyWow,error
"Prysm, Inc.",error
Psyop,error
Public Relay,error
"Publishers Circulation Fulfillment, Inc.",error
"Pulse8, Inc.",error
PurePort,error
Q6 Cyber,error
Q88,error
QUANTIL,error
QUODD Financial Information Services,error
Qentelli,error
Qolsys,error
Qpharma Inc,error
Quadrant Resource LLC,error
Quadrant Systems,error
"Quaero 3, LLC",error
"Qualifacts Systems, Inc.",error
"Quantbot Technologies, LLC",error
Quantcast Corporation,error
"Quantilus, Inc.",error
Quantumstrides LLC,error
Quark Software Inc.,error
Quatrro Mortgage Solutions,error
Quest Analytics,error
Quest Partners,error
"Questline, Inc.",error
"Quisitive, LLC",error
Qwinix Technologies Inc,error
R Systems,error
R2 Unified Technology,error
"RBA, Inc.",error
RBN,error
RCCP,error
RED Digital Cinema,error
RED IT INNOVATORS,error
RESPEC,error
REsurety,error
ROI Solutions,error
"RSG Media Systems, LLC",error
"RSI Restaurant Services, Inc.",error
Race Telecommunications,error
Rackner Solutions,error
"Rackspace US, Inc.",error
"Rackspace, Inc",error
Rad Innovations,error
Radical Convergence,error
Radientze,error
"Radix Trading, LLC",error
Radix Wire,error
Railinc Corp.,error
"Railroad19, Inc",error
Rajan Srimantha,error
Rakuten USA Inc.,error
Ralis Services,error
"RamSoft USA, Inc.",error
"Ramp Technology Group, LLC",error
RapidScale,error
Raritan Inc.,error
RateGain,error
RatePAY,error
ReCharge Payments,error
ReactiveCore,error
"RealTracs, Inc.",error
Reality Software Entertainment,error
Reata Pharmaceuticals Inc,error
Receivables Management Partners,error
"RecordsOne, Inc.",error
Red8,error
"Redapt, Inc.",error
"Reddit, Inc.",error
Redian Software,error
Redpoint Ventures,error
Redzara LLC,error
Reed Technology and Information Services Inc.,error
Reflex Media (Infostream Group Inc.),error
"RegEd, Inc.",error
"Regal Discount Securities, Inc",error
Rehearsal VRP,error
"Reis, Inc",error
Relativity Oda LLC,error
Reliant,error
"Reliaquest, LLC",error
Remarkable Health,error
"Remi Holdings, LLC",error
RenRe Insurance,error
"Renovo Solutions, LLC",error
"Replacements, Ltd.",error
Research Affiliates,error
"Respond Software, Inc.",error
Restaurant Revolution Technologies,error
"Retail Pro International, LLC",error
"Retail Solutions, Inc.",error
RevGen Support Services,error
Revature,error
Revelex,error
"Reverb.com, LLC",error
Revere Control Systems,error
RewardStyle,error
RezPower Reservation Systems,error
Reza Fazlollahi,error
Rhodes Tech Solutions,error
RhythmOne,error
Ria Financial,error
RichS MP Test Acct,error
Richemont SA Digital,error
Rigelsky,error
RighIT Solutions LLC,error
"RingCentral, Inc.",error
"Rising Holdings, Inc",error
"Risk Management Solutions, Inc.",error
RiskFocus,error
RiskSpan,error
Riskified,error
"Riskonnect, Inc.",error
Rival Systems,error
Rivers Agile Solutions Inc.,error
"Riversand Technologies, Inc.",error
Rjn Group Inc.,error
Roberts Communications Network,error
"Robinhood Markets, Inc.",error
Rock Central,error
Rocket Internet,error
Rockingham Group,error
Rogue Wave Software (d.b.a. Perforce),error
Roko Labs LLC,error
Rovio  Animation US,error
Rpd Systems,error
Rubik's Brand Ltd,error
Rubrik,error
Ruby Receptionists,error
Rudraya,error
Rumba Solutions LLC,error
"Rush Street Interactive, LP",error
"RxBenefits, Inc.",error
RxSense,error
Rxadvance Corporation,error
S3 Technologies,error
SAMIT NAHA,error
SAS Federal LLC,error
SCI IT Solutions,error
SDL Ltd,error
SDLC Partners,error
SE2,error
SEQ Technology LLC,error
SHI International,error
SHUBAN SYSTEMS INC,error
"SHYFT Analytics, Inc.",error
SJN Data Centers LLC dba Encore Technologies,error
SKF USA Inc,error
SMBC,error
SOA Software (Acquired by RogueWave),error
SOMOS,error
SPE (Society of Petroleum Engineers),error
SREYO,error
"SS8 Networks, Inc.",error
